Model,Corr,Rseq,RMSE,Accuracy,Topsis Score,Rank
M1,0.79,0.62,1.25,60.89,0.475537838551997,3.0
M2,0.66,0.44,2.89,63.07,0.5838627112229106,2.0
M3,0.56,0.31,1.57,62.87,0.12310266045023836,5.0
M4,0.82,0.67,2.68,70.19,0.8621249587674299,1.0
M5,0.75,0.56,1.3,80.39,0.4603178393608991,4.0
