Model,RAM,Storage,Battery,Camera,Topsis Score,Rank
M1,8,256,4000,48,0.049849665602230565,3.0
M2,16,512,5000,64,1.0,1.0
M3,12,256,4500,32,0.4983803712084261,2.0
M4,8,128,3500,16,0.0,4.0
