Model,Corr,Rseq,RMSE,Accuracy,Topsis Score,Rank
M1,0.79,0.62,1.25,60.89,0.7819632781364557,2.0
M2,0.66,0.44,2.89,63.07,0.24799961034010914,5.0
M3,0.56,0.31,1.57,62.87,0.4059318963470356,4.0
M4,0.82,0.67,2.68,70.19,0.5603481053317153,3.0
M5,0.75,0.56,1.3,80.39,0.8000120915061055,1.0
